Timestamp,Diff
2013-04-09 15:36:35,0
2013-04-09 15:37:00,0
2013-04-09 15:37:33,0
2013-04-09 15:39:27,14.195
2013-04-09 15:39:32,0
2013-04-09 15:43:04,0
2013-04-09 15:43:11,0
2013-04-09 15:46:58,28.39
2013-04-09 15:47:05,28.39
2013-04-09 15:47:13,26.97
2013-04-09 15:47:28,28.39
2013-04-09 15:47:37,28.39
2013-04-09 15:47:48,0
2013-04-09 15:47:56,0
2013-04-09 16:25:50,26.97
2013-04-09 17:25:50,28.39
2013-04-09 18:25:50,32.648
2013-04-09 19:25:50,39.746
2013-04-09 20:25:50,42.585
2013-04-09 21:25:50,35.487
2013-04-09 22:25:50,19.873
2013-04-09 23:25:50,28.39
2013-04-10 00:00:00,32.648
2013-04-10 01:00:00,28.39
2013-04-10 02:00:00,29.809
2013-04-10 03:00:00,26.97
2013-04-10 04:00:00,26.97
2013-04-10 05:00:00,29.809
2013-04-10 06:00:00,32.648
2013-04-10 07:00:00,29.809
2013-04-10 07:21:12,31.229
2013-04-10 07:58:13,0
2013-04-10 07:58:19,0
2013-04-10 08:00:00,0
2013-04-10 08:10:58,0
2013-04-10 09:13:58,0
2013-04-10 09:13:58,0
2013-04-10 09:14:03,0
2013-04-10 09:14:03,0
2013-04-10 09:14:03,0
2013-04-10 09:14:03,0
2013-04-10 09:14:05,0
2013-04-10 09:14:08,0
2013-04-10 09:14:20,-300
2013-04-10 09:16:54,0
2013-04-10 09:16:57,0
2013-04-10 09:16:57,0
2013-04-10 09:16:57,0
2013-04-10 09:17:02,0
2013-04-10 09:17:03,0
2013-04-10 10:08:03,0
2013-04-10 10:16:57,0
2013-04-10 10:33:20,0
2013-04-10 10:36:10,0
2013-04-10 11:16:57,0
2013-04-10 12:16:57,0
2013-04-10 13:16:57,0
2013-04-10 14:16:57,0
2013-04-10 15:16:57,0
2013-04-10 16:16:57,0
2013-04-10 17:16:57,0
2013-04-10 18:16:57,0
2013-04-10 19:16:57,0
2013-04-10 20:16:57,0
2013-04-10 21:16:57,0
2013-04-10 22:16:57,0
2013-04-10 23:16:57,0
2013-04-11 00:00:00,0
2013-04-11 01:00:00,0
2013-04-11 02:00:00,0
2013-04-11 03:00:00,0
2013-04-11 04:00:00,0
2013-04-11 05:00:00,0
2013-04-11 06:00:00,0
2013-04-11 07:00:00,0
2013-04-11 07:53:25,0
2013-04-11 08:00:00,1.419
2013-04-11 09:00:00,26.97
2013-04-11 10:00:00,35.487
2013-04-11 11:00:00,31.229
2013-04-11 12:00:00,29.809
2013-04-11 13:00:00,29.809
2013-04-11 14:00:00,11.356
2013-04-11 15:00:00,1.419
2013-04-11 16:00:00,1.419
2013-04-11 17:00:00,9.936
2013-04-11 18:00:00,0
2013-04-11 19:00:00,0
2013-04-11 20:00:00,9.936
2013-04-11 21:00:00,12.775
2013-04-11 22:00:00,4.258
2013-04-11 23:00:00,1.419
2013-04-12 00:00:00,1.419
2013-04-12 01:00:00,0
2013-04-12 02:00:00,5.678
2013-04-12 03:00:00,0
2013-04-12 04:00:00,0
2013-04-12 05:00:00,0
2013-04-12 06:00:00,2.839
2013-04-12 07:00:00,12.775
2013-04-12 08:00:00,11.356
2013-04-12 09:00:00,4.258
2013-04-12 10:00:00,0
2013-04-12 11:00:00,0
2013-04-12 12:00:00,0
2013-04-12 13:00:00,0
2013-04-12 14:00:00,0
2013-04-12 15:00:00,0
2013-04-12 16:00:00,0
2013-04-12 17:00:00,0
2013-04-12 18:00:00,9.936
2013-04-12 19:00:00,41.165
2013-04-12 20:00:00,44.004
2013-04-12 21:00:00,41.165
2013-04-12 22:00:00,46.843
2013-04-12 23:00:00,46.843
2013-04-13 00:00:00,35.487
2013-04-13 01:00:00,29.809
2013-04-13 02:00:00,38.326
2013-04-13 03:00:00,24.131
2013-04-13 04:00:00,36.907
2013-04-13 05:00:00,46.843
2013-04-13 06:00:00,38.326
2013-04-13 07:00:00,51.102
2013-04-13 08:00:00,15.614
2013-04-13 09:00:00,42.585
2013-04-13 10:00:00,51.102
2013-04-13 11:00:00,46.843
2013-04-13 12:00:00,52.521
2013-04-13 13:00:00,44.004
2013-04-13 14:00:00,29.809
2013-04-13 15:00:00,8.517
2013-04-13 16:00:00,9.936
2013-04-13 17:00:00,0
2013-04-13 18:00:00,0
2013-04-13 19:00:00,0
2013-04-13 20:00:00,29.809
2013-04-13 21:00:00,5.678
2013-04-13 22:00:00,0
2013-04-13 23:00:00,0
2013-04-14 00:00:00,0
2013-04-14 01:00:00,0
2013-04-14 02:00:00,0
2013-04-14 03:00:00,0
2013-04-14 04:00:00,0
2013-04-14 05:00:00,1.419
2013-04-14 06:00:00,18.453
2013-04-14 07:00:00,4.258
2013-04-14 08:00:00,4.258
2013-04-14 09:00:00,0
2013-04-14 10:00:00,0
2013-04-14 11:00:00,0
2013-04-14 12:00:00,0
2013-04-14 13:00:00,0
2013-04-14 14:00:00,0
2013-04-14 15:00:00,0
2013-04-14 16:00:00,0
2013-04-14 17:00:00,0
2013-04-14 18:00:00,0
2013-04-14 19:00:00,0
2013-04-14 20:00:00,1.419
2013-04-14 21:00:00,4.258
2013-04-14 22:00:00,9.936
2013-04-14 23:00:00,8.517
2013-04-15 00:00:00,7.097
2013-04-15 01:00:00,4.258
2013-04-15 02:00:00,4.258
2013-04-15 03:00:00,1.419
2013-04-15 04:00:00,7.097
2013-04-15 05:00:00,11.356
2013-04-15 06:00:00,0
2013-04-15 07:00:00,0
2013-04-15 08:00:00,0
2013-04-15 09:00:00,0
2013-04-15 10:00:00,2.839
2013-04-15 11:00:00,4.258
2013-04-15 12:00:00,0
2013-04-15 13:00:00,0
2013-04-15 14:00:00,0
2013-04-15 15:00:00,0
2013-04-15 16:00:00,0
2013-04-15 17:00:00,0
2013-04-15 18:00:00,0
2013-04-15 19:00:00,0
2013-04-15 20:00:00,0
2013-04-15 21:00:00,0
2013-04-15 22:00:00,1.419
2013-04-15 23:00:00,0
2013-04-16 00:00:00,11.356
2013-04-16 01:00:00,11.356
2013-04-16 02:00:00,8.517
2013-04-16 03:00:00,1.419
2013-04-16 04:00:00,7.097
2013-04-16 05:00:00,14.195
2013-04-16 06:00:00,17.034
2013-04-16 07:00:00,9.936
2013-04-16 08:00:00,11.356
2013-04-16 08:51:05,0
2013-04-16 09:00:00,11.356
2013-04-16 10:00:00,8.517
2013-04-16 11:00:00,11.356
2013-04-16 12:00:00,15.614
2013-04-16 13:00:00,0
2013-04-16 14:00:00,7.097
2013-04-16 15:00:00,35.487
2013-04-16 16:00:00,0
2013-04-16 17:00:00,15.614
2013-04-16 18:00:00,9.936
2013-04-16 19:00:00,42.585
2013-04-16 20:00:00,0
2013-04-16 21:00:00,12.775
2013-04-16 22:00:00,9.936
2013-04-16 23:00:00,8.517
2013-04-17 00:00:00,15.614
2013-04-17 01:00:00,4.258
2013-04-17 02:00:00,4.258
2013-04-17 03:00:00,9.936
2013-04-17 04:00:00,5.678
2013-04-17 05:00:00,8.517
2013-04-17 06:00:00,9.936
2013-04-17 07:00:00,14.195
2013-04-17 08:00:00,1.419
2013-04-17 09:00:00,9.936
2013-04-17 10:00:00,12.775
2013-04-17 11:00:00,4.258
2013-04-17 12:00:00,12.775
2013-04-17 13:00:00,0
2013-04-17 14:00:00,12.775
2013-04-17 15:00:00,4.258
2013-04-17 16:00:00,0
2013-04-17 17:00:00,0
2013-04-17 18:00:00,0
2013-04-17 19:00:00,0
2013-04-17 20:00:00,0
2013-04-17 21:00:00,4.258
2013-04-17 22:00:00,4.258
2013-04-17 23:00:00,5.678
2013-04-18 00:00:00,12.775
2013-04-18 01:00:00,9.936
2013-04-18 02:00:00,12.775
2013-04-18 03:00:00,7.097
2013-04-18 04:00:00,18.453
2013-04-18 05:00:00,19.873
2013-04-18 06:00:00,22.712
2013-04-18 07:00:00,31.229
2013-04-18 08:00:00,41.165
2013-04-18 09:00:00,25.551
2013-04-18 10:00:00,25.551
2013-04-18 11:00:00,7.097
2013-04-18 12:00:00,0
2013-04-18 13:00:00,0
2013-04-18 14:00:00,0
2013-04-18 14:08:36,0
2013-04-18 14:10:58,0
2013-04-18 14:11:08,0
2013-04-18 14:21:18,0
2013-04-18 15:00:00,0
2013-04-18 16:00:00,0
2013-04-18 17:00:00,0
2013-04-18 18:00:00,0
2013-04-18 19:00:00,0
2013-04-18 20:00:00,0
2013-04-18 21:00:00,8.517
2013-04-18 22:00:00,8.517
2013-04-18 23:00:00,19.873
2013-04-19 00:00:00,26.97
2013-04-19 01:00:00,29.809
2013-04-19 02:00:00,29.809
2013-04-19 03:00:00,35.487
2013-04-19 04:00:00,32.648
2013-04-19 05:00:00,29.809
2013-04-19 06:00:00,14.195
2013-04-19 07:00:00,38.326
2013-04-19 08:00:00,45.424
2013-04-19 09:00:00,41.165
2013-04-19 09:18:32,42.585
2013-04-19 09:23:58,8.517
2013-04-19 10:00:00,0
2013-04-19 11:00:00,0
2013-04-19 12:00:00,0
2013-04-19 13:00:00,0
2013-04-19 14:00:00,5.678
2013-04-19 15:00:00,8.517
2013-04-19 16:00:00,4.258
2013-04-19 17:00:00,21.292
2013-04-19 18:00:00,29.809
2013-04-19 19:00:00,19.873
2013-04-19 20:00:00,15.614
2013-04-19 21:00:00,12.775
2013-04-19 22:00:00,4.258
2013-04-19 23:00:00,12.775
2013-04-20 00:00:00,14.195
2013-04-20 01:00:00,9.936
2013-04-20 02:00:00,1.419
2013-04-20 03:00:00,5.678
2013-04-20 04:00:00,12.775
2013-04-20 05:00:00,32.648
2013-04-20 06:00:00,26.97
2013-04-20 07:00:00,28.39
2013-04-20 08:00:00,36.907
2013-04-20 09:00:00,22.712
2013-04-20 10:00:00,7.097
2013-04-20 11:00:00,0
2013-04-20 12:00:00,14.195
2013-04-20 13:00:00,9.936
2013-04-20 14:00:00,1.419
2013-04-20 15:00:00,25.551
2013-04-20 16:00:00,56.78
2013-04-20 17:00:00,21.292
2013-04-20 18:00:00,12.775
2013-04-20 19:00:00,9.936
2013-04-20 20:00:00,7.097
2013-04-20 21:00:00,24.131
2013-04-20 22:00:00,8.517
2013-04-20 23:00:00,25.551
2013-04-21 00:00:00,19.873
2013-04-21 01:00:00,2.839
2013-04-21 02:00:00,1.419
2013-04-21 03:00:00,28.39
2013-04-21 04:00:00,28.39
2013-04-21 05:00:00,31.229
2013-04-21 06:00:00,31.229
2013-04-21 07:00:00,29.809
2013-04-21 08:00:00,35.487
2013-04-21 09:00:00,35.487
2013-04-21 10:00:00,18.453
2013-04-21 11:00:00,9.936
2013-04-21 12:00:00,18.453
2013-04-21 13:00:00,36.907
2013-04-21 14:00:00,41.165
2013-04-21 15:00:00,0
2013-04-21 16:00:00,9.936
2013-04-21 17:00:00,11.356
2013-04-21 18:00:00,15.614
2013-04-21 19:00:00,0
2013-04-21 20:00:00,0
2013-04-21 21:00:00,0
2013-04-21 22:00:00,0
2013-04-21 23:00:00,0
2013-04-22 00:00:00,0
2013-04-22 01:00:00,0
2013-04-22 02:00:00,0
2013-04-22 03:00:00,2.839
2013-04-22 04:00:00,17.034
2013-04-22 05:00:00,15.614
2013-04-22 06:00:00,12.775
2013-04-22 07:00:00,21.292
2013-04-22 08:00:00,34.068
2013-04-22 09:00:00,29.809
2013-04-22 10:00:00,19.873
2013-04-22 11:00:00,29.809
2013-04-22 12:00:00,38.326
2013-04-22 13:00:00,36.907
2013-04-22 14:00:00,31.229
2013-04-22 15:00:00,35.487
2013-04-22 16:00:00,35.487
2013-04-22 17:00:00,0
2013-04-22 18:00:00,0
2013-04-22 19:00:00,7.097
2013-04-22 20:00:00,34.068
2013-04-22 21:00:00,44.004
2013-04-22 22:00:00,39.746
2013-04-22 23:00:00,26.97
2013-04-23 00:00:00,26.97
2013-04-23 01:00:00,29.809
2013-04-23 02:00:00,25.551
2013-04-23 03:00:00,28.39
2013-04-23 04:00:00,28.39
2013-04-23 05:00:00,31.229
2013-04-23 06:00:00,29.809
2013-04-23 07:00:00,31.229
2013-04-23 08:00:00,28.39
2013-04-23 09:00:00,39.746
2013-04-23 10:00:00,38.326
2013-04-23 11:00:00,29.809
2013-04-23 12:00:00,35.487
2013-04-23 12:39:17,0
2013-04-23 13:00:00,29.809
2013-04-23 14:00:00,22.712
2013-04-23 14:43:02,32.648
2013-04-23 15:00:00,7.097
2013-04-23 15:03:30,2.839
2013-04-23 15:05:35,0
2013-04-23 15:05:45,0
2013-04-23 15:08:13,0
2013-04-23 15:13:31,0
2013-04-23 15:13:39,0
2013-04-23 15:13:39,11.356
2013-04-23 15:13:39,11.356
2013-04-23 15:13:59,0
2013-04-23 15:30:33,0
2013-04-23 15:47:41,19.873
2013-04-23 15:50:25,0
2013-04-23 15:50:55,0
2013-04-23 15:51:02,0
2013-04-23 15:51:07,0
2013-04-23 15:51:07,-97.945
2013-04-23 15:51:07,-97.945
2013-04-23 15:51:13,-0
2013-04-23 16:51:07,-136.272
2013-04-23 17:51:07,-195.891
2013-04-23 18:51:07,-147.628
2013-04-23 19:51:07,-120.657
2013-04-23 20:51:07,-177.437
2013-04-23 21:51:07,-158.984
2013-04-23 22:51:07,-163.242
2013-04-23 23:51:07,-153.306
2013-04-24 00:00:00,-144.789
2013-04-24 01:00:00,-176.018
2013-04-24 02:00:00,-156.145
2013-04-24 03:00:00,-218.603
2013-04-24 04:00:00,-194.471
2013-04-24 05:00:00,-173.179
2013-04-24 06:00:00,-166.081
2013-04-24 07:00:00,-139.111
2013-04-24 07:53:45,-149.047
2013-04-24 08:00:00,-366.23
2013-04-24 08:04:54,-300.933
2013-04-24 09:00:00,-124.916
2013-04-24 10:00:00,-167.501
2013-04-24 11:00:00,-143.369
2013-04-24 11:02:31,-0
2013-04-24 12:00:00,220.022
2013-04-24 13:00:00,173.179
2013-04-24 14:00:00,225.7
2013-04-24 15:00:00,112.14
2013-04-24 16:00:00,158.984
2013-04-24 17:00:00,107.882
2013-04-24 18:00:00,171.759
2013-04-24 19:00:00,208.666
2013-04-24 20:00:00,153.306
2013-04-24 21:00:00,147.628
2013-04-24 22:00:00,173.179
2013-04-24 23:00:00,183.115
2013-04-25 00:00:00,151.886
2013-04-25 01:00:00,129.174
2013-04-25 02:00:00,164.662
2013-04-25 03:00:00,177.437
2013-04-25 04:00:00,144.789
2013-04-25 05:00:00,212.925
2013-04-25 06:00:00,164.662
2013-04-25 07:00:00,180.276
2013-04-25 08:00:00,225.7
2013-04-25 09:00:00,292.416
2013-04-25 10:00:00,279.641
2013-04-25 11:00:00,543.667
2013-04-25 12:00:00,383.264
2013-04-25 13:00:00,207.247
2013-04-25 14:00:00,221.442
2013-04-25 15:00:00,272.543
2013-04-25 16:00:00,211.505
2013-04-25 17:00:00,273.963
2013-04-25 18:00:00,185.954
2013-04-25 19:00:00,197.31
2013-04-25 20:00:00,139.111
2013-04-25 21:00:00,141.95
2013-04-25 22:00:00,151.886
2013-04-25 23:00:00,137.691
2013-04-26 00:00:00,158.984
2013-04-26 01:00:00,151.886
2013-04-26 02:00:00,147.628
2013-04-26 03:00:00,160.403
2013-04-26 04:00:00,156.145
2013-04-26 05:00:00,141.95
2013-04-26 06:00:00,146.208
2013-04-26 07:00:00,151.886
2013-04-26 07:17:47,149.047
2013-04-26 07:44:52,445.722
2013-04-26 07:52:05,0
2013-04-26 08:00:00,0
2013-04-26 09:00:00,0
2013-04-26 10:00:00,0
2013-04-26 11:00:00,0
2013-04-26 12:00:00,0
2013-04-26 12:13:01,0
2013-04-26 12:19:27,579.155
2013-04-26 13:00:00,481.209
2013-04-26 14:00:00,506.76
2013-04-26 15:00:00,221.442
2013-04-26 16:00:00,242.734
2013-04-26 17:00:00,208.666
2013-04-26 18:00:00,161.823
2013-04-26 19:00:00,161.823
2013-04-26 20:00:00,136.272
2013-04-26 21:00:00,151.886
2013-04-26 22:00:00,160.403
2013-04-26 23:00:00,180.276
2013-04-27 00:00:00,174.598
2013-04-27 01:00:00,150.467
2013-04-27 02:00:00,153.306
2013-04-27 03:00:00,170.34
2013-04-27 04:00:00,171.759
2013-04-27 05:00:00,166.081
2013-04-27 06:00:00,156.145
2013-04-27 07:00:00,166.081
2013-04-27 08:00:00,173.179
2013-04-27 09:00:00,229.958
2013-04-27 10:00:00,205.827
2013-04-27 11:00:00,205.827
2013-04-27 12:00:00,158.984
2013-04-27 13:00:00,136.272
2013-04-27 14:00:00,343.518
2013-04-27 15:00:00,210.086
2013-04-27 16:00:00,359.133
2013-04-27 17:00:00,404.557
2013-04-27 18:00:00,381.845
2013-04-27 19:00:00,173.179
2013-04-27 20:00:00,164.662
2013-04-27 21:00:00,151.886
2013-04-27 22:00:00,160.403
2013-04-27 23:00:00,144.789
2013-04-28 00:00:00,146.208
2013-04-28 01:00:00,151.886
2013-04-28 02:00:00,173.179
2013-04-28 03:00:00,149.047
2013-04-28 04:00:00,163.242
2013-04-28 05:00:00,164.662
2013-04-28 06:00:00,156.145
2013-04-28 07:00:00,146.208
2013-04-28 08:00:00,200.149
2013-04-28 09:00:00,229.959
2013-04-28 10:00:00,884.347
2013-04-28 11:00:00,245.573
2013-04-28 12:00:00,279.641
2013-04-28 13:00:00,275.382
2013-04-28 14:00:00,353.455
2013-04-28 15:00:00,293.836
2013-04-28 16:00:00,208.666
2013-04-28 17:00:00,205.827
2013-04-28 18:00:00,168.92
2013-04-28 19:00:00,180.276
2013-04-28 20:00:00,197.31
2013-04-28 21:00:00,147.628
2013-04-28 22:00:00,269.704
2013-04-28 23:00:00,248.412
2013-04-29 00:00:00,244.153
2013-04-29 01:00:00,336.421
2013-04-29 02:00:00,353.455
2013-04-29 03:00:00,218.603
2013-04-29 04:00:00,204.408
2013-04-29 05:00:00,133.433
2013-04-29 06:00:00,141.95
2013-04-29 07:00:00,245.573
2013-04-29 08:00:00,262.607
2013-04-29 09:00:00,295.255
2013-04-29 10:00:00,251.251
2013-04-29 11:00:00,313.709
2013-04-29 12:00:00,599.028
2013-04-29 13:00:00,200.149
2013-04-29 14:00:00,252.67
2013-04-29 15:00:00,292.416
2013-04-29 16:00:00,221.442
2013-04-29 17:00:00,137.691
2013-04-29 18:00:00,141.95
2013-04-29 19:00:00,161.823
2013-04-29 20:00:00,269.704
2013-04-29 21:00:00,215.764
2013-04-29 22:00:00,235.637
2013-04-29 23:00:00,364.811
2013-04-30 00:00:00,177.437
2013-04-30 01:00:00,631.676
2013-04-30 02:00:00,237.056
2013-04-30 03:00:00,447.142
2013-04-30 04:00:00,305.192
2013-04-30 05:00:00,205.827
2013-04-30 06:00:00,195.891
2013-04-30 07:00:00,164.662
2013-04-30 08:00:00,195.891
2013-04-30 09:00:00,220.022
2013-04-30 10:00:00,150.467
2013-04-30 11:00:00,268.285
2013-04-30 12:00:00,476.951
2013-04-30 13:00:00,366.23
2013-04-30 14:00:00,327.904
2013-04-30 15:00:00,191.632
2013-04-30 16:00:00,336.421
2013-04-30 17:00:00,176.018
2013-04-30 18:00:00,286.738
2013-04-30 19:00:00,177.437
2013-04-30 20:00:00,204.408
2013-04-30 21:00:00,326.484
2013-04-30 22:00:00,326.484
2013-04-30 23:00:00,127.755
2013-05-01 00:00:00,241.315
2013-05-01 01:00:00,231.378
2013-05-01 02:00:00,188.793
2013-05-01 03:00:00,224.281
2013-05-01 04:00:00,205.827
2013-05-01 05:00:00,224.281
2013-05-01 06:00:00,174.598
2013-05-01 07:00:00,166.081
2013-05-01 08:00:00,204.408
2013-05-01 09:00:00,246.992
2013-05-01 10:00:00,462.756
2013-05-01 11:00:00,624.579
2013-05-01 12:00:00,329.323
2013-05-01 13:00:00,184.535
2013-05-01 14:00:00,271.124
2013-05-01 15:00:00,185.954
2013-05-01 16:00:00,136.272
2013-05-01 17:00:00,154.725
2013-05-01 18:00:00,381.845
2013-05-01 19:00:00,285.319
2013-05-01 20:00:00,170.34
2013-05-01 21:00:00,384.684
2013-05-01 22:00:00,204.408
2013-05-01 23:00:00,207.247
2013-05-02 00:00:00,241.314
2013-05-02 01:00:00,156.145
2013-05-02 02:00:00,218.603
2013-05-02 03:00:00,217.183
2013-05-02 04:00:00,144.789
2013-05-02 05:00:00,136.272
2013-05-02 06:00:00,129.174
2013-05-02 07:00:00,139.111
2013-05-02 08:00:00,276.802
2013-05-02 09:00:00,281.06
2013-05-02 10:00:00,222.861
2013-05-02 11:00:00,679.939
2013-05-02 12:00:00,222.861
2013-05-02 13:00:00,173.179
2013-05-02 14:00:00,132.013
2013-05-02 15:00:00,377.586
2013-05-02 16:00:00,238.475
2013-05-02 17:00:00,107.882
2013-05-02 18:00:00,112.14
2013-05-02 19:00:00,210.086
2013-05-02 20:00:00,161.823
2013-05-02 21:00:00,149.047
2013-05-02 22:00:00,158.984
2013-05-02 23:00:00,141.95
2013-05-03 00:00:00,163.242
2013-05-03 01:00:00,177.437
2013-05-03 02:00:00,300.933
2013-05-03 03:00:00,132.013
2013-05-03 04:00:00,141.95
2013-05-03 05:00:00,137.691
2013-05-03 06:00:00,139.111
2013-05-03 07:00:00,130.594
2013-05-03 08:00:00,241.315
2013-05-03 09:00:00,462.756
2013-05-03 10:00:00,248.412
2013-05-03 11:00:00,149.047
2013-05-03 12:00:00,167.501
2013-05-03 13:00:00,255.509
2013-05-03 14:00:00,185.954
2013-05-03 15:00:00,185.954
2013-05-03 16:00:00,89.428
2013-05-03 17:00:00,123.496
2013-05-03 18:00:00,178.857
2013-05-03 19:00:00,127.755
2013-05-03 20:00:00,211.505
2013-05-03 21:00:00,129.174
2013-05-03 22:00:00,158.984
2013-05-03 23:00:00,225.7
2013-05-04 00:00:00,207.247
2013-05-04 01:00:00,161.823
2013-05-04 02:00:00,171.759
2013-05-04 03:00:00,200.149
2013-05-04 04:00:00,309.45
2013-05-04 05:00:00,190.213
2013-05-04 06:00:00,134.852
2013-05-04 07:00:00,163.242
2013-05-04 08:00:00,154.725
2013-05-04 09:00:00,194.471
2013-05-04 10:00:00,174.598
2013-05-04 11:00:00,218.603
2013-05-04 12:00:00,177.437
2013-05-04 13:00:00,139.111
2013-05-04 14:00:00,154.725
2013-05-04 15:00:00,200.149
2013-05-04 16:00:00,113.56
2013-05-04 17:00:00,102.204
2013-05-04 18:00:00,122.077
2013-05-04 19:00:00,241.315
2013-05-04 20:00:00,266.865
2013-05-04 21:00:00,229.959
2013-05-04 22:00:00,256.929
2013-05-04 23:00:00,130.594
2013-05-05 00:00:00,130.594
2013-05-05 01:00:00,117.818
2013-05-05 02:00:00,127.755
2013-05-05 03:00:00,137.691
2013-05-05 04:00:00,132.013
2013-05-05 05:00:00,120.657
2013-05-05 06:00:00,143.369
2013-05-05 07:00:00,122.077
2013-05-05 08:00:00,249.831
2013-05-05 09:00:00,157.564
2013-05-05 10:00:00,333.582
2013-05-05 11:00:00,119.238
2013-05-05 12:00:00,309.45
2013-05-05 13:00:00,117.818
2013-05-05 14:00:00,564.96
2013-05-05 15:00:00,123.496
2013-05-05 16:00:00,95.106
2013-05-05 17:00:00,167.501
2013-05-05 18:00:00,191.632
2013-05-05 19:00:00,154.725
2013-05-05 20:00:00,132.013
2013-05-05 21:00:00,139.111
2013-05-05 22:00:00,127.755
2013-05-05 23:00:00,156.145
2013-05-06 00:00:00,143.369
2013-05-06 01:00:00,178.857
2013-05-06 02:00:00,120.657
2013-05-06 03:00:00,180.276
2013-05-06 04:00:00,150.467
2013-05-06 05:00:00,132.013
2013-05-06 06:00:00,137.691
2013-05-06 07:00:00,132.013
2013-05-06 08:00:00,266.865
2013-05-06 09:00:00,173.179
2013-05-06 10:00:00,184.535
2013-05-06 11:00:00,449.981
2013-05-06 12:00:00,342.099
2013-05-06 13:00:00,161.823
2013-05-06 14:00:00,512.438
2013-05-06 15:00:00,211.505
2013-05-06 16:00:00,254.09
2013-05-06 17:00:00,158.984
2013-05-06 18:00:00,126.335
2013-05-06 19:00:00,161.823
2013-05-06 20:00:00,132.013
2013-05-06 21:00:00,150.467
2013-05-06 22:00:00,174.598
2013-05-06 23:00:00,217.183
2013-05-07 00:00:00,174.598
2013-05-07 01:00:00,207.247
2013-05-07 02:00:00,137.691
2013-05-07 03:00:00,122.077
2013-05-07 04:00:00,132.013
2013-05-07 05:00:00,137.691
2013-05-07 06:00:00,136.272
2013-05-07 07:00:00,150.467
2013-05-07 08:00:00,405.976
2013-05-07 09:00:00,823.308
2013-05-07 10:00:00,535.15
2013-05-07 11:00:00,286.738
2013-05-07 12:00:00,238.476
2013-05-07 13:00:00,593.35
2013-05-07 14:00:00,320.806
2013-05-07 15:00:00,224.281
2013-05-07 16:00:00,177.437
2013-05-07 17:00:00,93.687
2013-05-07 18:00:00,110.721
2013-05-07 19:00:00,1012.101
2013-05-07 20:00:00,116.399
2013-05-07 21:00:00,225.7
2013-05-07 22:00:00,150.467
2013-05-07 23:00:00,235.636
2013-05-08 00:00:00,356.294
2013-05-08 01:00:00,150.467
2013-05-08 02:00:00,130.594
2013-05-08 03:00:00,139.111
2013-05-08 04:00:00,122.077
2013-05-08 05:00:00,117.818
2013-05-08 06:00:00,132.013
2013-05-08 07:00:00,126.335
2013-05-08 08:00:00,217.183
2013-05-08 09:00:00,190.213
2013-05-08 10:00:00,174.598
2013-05-08 11:00:00,139.111
2013-05-08 12:00:00,273.963
2013-05-08 13:00:00,168.92
2013-05-08 14:00:00,110.721
2013-05-08 15:00:00,441.464
2013-05-08 16:00:00,188.793
2013-05-08 17:00:00,410.235
2013-05-08 18:00:00,310.87
2013-05-08 19:00:00,302.353
2013-05-08 20:00:00,161.823
2013-05-08 21:00:00,164.662
2013-05-08 22:00:00,126.335
2013-05-08 23:00:00,140.53
2013-05-09 00:00:00,114.979
2013-05-09 01:00:00,126.335
2013-05-09 02:00:00,130.594
2013-05-09 03:00:00,133.433
2013-05-09 04:00:00,133.433
2013-05-09 05:00:00,300.933
2013-05-09 06:00:00,132.013
2013-05-09 07:00:00,122.077
2013-05-09 08:00:00,183.115
2013-05-09 09:00:00,102.204
2013-05-09 10:00:00,116.399
2013-05-09 11:00:00,174.598
2013-05-09 12:00:00,120.657
2013-05-09 13:00:00,232.798
2013-05-09 14:00:00,136.272
2013-05-09 15:00:00,127.755
2013-05-09 16:00:00,281.06
2013-05-09 17:00:00,157.564
2013-05-09 18:00:00,92.267
2013-05-09 19:00:00,137.691
2013-05-09 20:00:00,95.106
2013-05-09 21:00:00,89.428
2013-05-09 22:00:00,195.891
2013-05-09 23:00:00,218.603
2013-05-10 00:00:00,235.637
2013-05-10 01:00:00,156.145
2013-05-10 02:00:00,143.369
2013-05-10 03:00:00,127.755
2013-05-10 04:00:00,117.818
2013-05-10 05:00:00,113.56
2013-05-10 06:00:00,119.238
2013-05-10 07:00:00,129.174
2013-05-10 08:00:00,520.955
2013-05-10 09:00:00,218.603
2013-05-10 10:00:00,136.272
2013-05-10 11:00:00,380.425
2013-05-10 12:00:00,180.276
2013-05-10 13:00:00,156.145
2013-05-10 14:00:00,106.462
2013-05-10 15:00:00,114.979
2013-05-10 16:00:00,746.655
2013-05-10 17:00:00,122.077
2013-05-10 18:00:00,184.535
2013-05-10 19:00:00,124.916
2013-05-10 20:00:00,126.335
2013-05-10 21:00:00,92.267
2013-05-10 22:00:00,82.331
2013-05-10 23:00:00,160.403
2013-05-11 00:00:00,305.192
2013-05-11 01:00:00,92.267
2013-05-11 02:00:00,204.408
2013-05-11 03:00:00,120.657
2013-05-11 04:00:00,105.043
2013-05-11 05:00:00,144.789
2013-05-11 06:00:00,109.301
2013-05-11 07:00:00,157.564
2013-05-11 08:00:00,188.793
2013-05-11 09:00:00,120.657
2013-05-11 10:00:00,252.67
2013-05-11 11:00:00,404.557
2013-05-11 12:00:00,793.499
2013-05-11 13:00:00,171.759
2013-05-11 14:00:00,424.43
2013-05-11 15:00:00,550.765
2013-05-11 16:00:00,190.213
2013-05-11 17:00:00,86.589
2013-05-11 18:00:00,201.569
2013-05-11 19:00:00,161.823
2013-05-11 20:00:00,117.818
2013-05-11 21:00:00,110.721
2013-05-11 22:00:00,109.301
2013-05-11 23:00:00,114.979
2013-05-12 00:00:00,113.56
2013-05-12 01:00:00,110.721
2013-05-12 02:00:00,149.047
2013-05-12 03:00:00,102.204
2013-05-12 04:00:00,117.818
2013-05-12 05:00:00,120.657
2013-05-12 06:00:00,116.399
2013-05-12 07:00:00,99.365
2013-05-12 08:00:00,211.505
2013-05-12 09:00:00,154.725
2013-05-12 10:00:00,146.208
2013-05-12 11:00:00,127.755
2013-05-12 12:00:00,130.594
2013-05-12 13:00:00,388.942
2013-05-12 14:00:00,117.818
2013-05-12 15:00:00,215.764
2013-05-12 16:00:00,68.136
2013-05-12 17:00:00,265.446
2013-05-12 18:00:00,166.081
2013-05-12 19:00:00,457.078
2013-05-12 20:00:00,106.462
2013-05-12 21:00:00,116.399
2013-05-12 22:00:00,110.721
2013-05-12 23:00:00,113.56
2013-05-13 00:00:00,109.301
2013-05-13 01:00:00,116.399
2013-05-13 02:00:00,109.301
2013-05-13 03:00:00,99.365
2013-05-13 04:00:00,116.399
2013-05-13 05:00:00,113.56
2013-05-13 06:00:00,107.882
2013-05-13 07:00:00,113.56
2013-05-13 08:00:00,105.043
2013-05-13 09:00:00,204.408
2013-05-13 10:00:00,518.116
2013-05-13 11:00:00,430.108
2013-05-13 12:00:00,624.579
2013-05-13 13:00:00,119.238
2013-05-13 14:00:00,432.947
2013-05-13 15:00:00,154.725
2013-05-13 16:00:00,569.218
2013-05-13 17:00:00,549.345
2013-05-13 18:00:00,627.418
2013-05-13 19:00:00,194.471
2013-05-13 20:00:00,222.861
2013-05-13 21:00:00,264.026
2013-05-13 22:00:00,137.691
2013-05-13 23:00:00,610.384
2013-05-14 00:00:00,136.272
2013-05-14 01:00:00,129.174
2013-05-14 02:00:00,113.56
2013-05-14 03:00:00,126.335
2013-05-14 04:00:00,132.013
2013-05-14 05:00:00,112.14
2013-05-14 06:00:00,119.238
2013-05-14 07:00:00,126.335
2013-05-14 08:00:00,204.408
2013-05-14 09:00:00,224.281
2013-05-14 10:00:00,191.632
2013-05-14 11:00:00,146.208
2013-05-14 12:00:00,102.204
2013-05-14 13:00:00,180.276
2013-05-14 14:00:00,205.827
2013-05-14 14:12:24,245.573
2013-05-14 14:15:26,19.873
2013-05-14 14:37:17,0
2013-05-14 14:41:54,0
2013-05-14 15:00:00,0
2013-05-14 16:00:00,0
2013-05-14 17:00:00,0
2013-05-14 18:00:00,0
2013-05-14 19:00:00,0
2013-05-14 20:00:00,0
2013-05-14 21:00:00,0
2013-05-14 22:00:00,0
2013-05-14 23:00:00,0
2013-05-15 00:00:00,0
2013-05-15 01:00:00,0
2013-05-15 02:00:00,0
2013-05-15 03:00:00,0
2013-05-15 04:00:00,0
2013-05-15 05:00:00,0
2013-05-15 06:00:00,0
2013-05-15 07:00:00,0
2013-05-15 08:00:00,0
2013-05-15 09:00:00,285.319
2013-05-15 10:00:00,299.514
2013-05-15 11:00:00,136.272
2013-05-15 12:00:00,170.34
2013-05-15 13:00:00,110.721
2013-05-15 14:00:00,105.043
2013-05-15 15:00:00,122.077
2013-05-15 16:00:00,102.204
2013-05-15 17:00:00,197.31
2013-05-15 18:00:00,215.764
2013-05-15 19:00:00,187.374
2013-05-15 20:00:00,454.239
2013-05-15 21:00:00,268.285
2013-05-15 22:00:00,308.031
2013-05-15 23:00:00,599.028
2013-05-16 00:00:00,376.167
2013-05-16 01:00:00,363.391
2013-05-16 02:00:00,288.158
2013-05-16 03:00:00,106.462
2013-05-16 04:00:00,123.496
2013-05-16 05:00:00,140.53
2013-05-16 06:00:00,109.301
2013-05-16 07:00:00,97.945
2013-05-16 08:00:00,105.043
2013-05-16 09:00:00,110.721
2013-05-16 10:00:00,100.784
2013-05-16 11:00:00,266.865
2013-05-16 12:00:00,153.306
2013-05-16 13:00:00,525.214
2013-05-16 14:00:00,188.793
2013-05-16 15:00:00,183.115
2013-05-16 16:00:00,349.196
2013-05-16 17:00:00,117.818
2013-05-16 18:00:00,114.979
2013-05-16 19:00:00,113.56
2013-05-16 20:00:00,158.984
2013-05-16 21:00:00,134.852
2013-05-16 22:00:00,95.106
2013-05-16 23:00:00,276.802
2013-05-17 00:00:00,140.53
2013-05-17 01:00:00,137.691
2013-05-17 02:00:00,119.238
2013-05-17 03:00:00,146.208
2013-05-17 04:00:00,207.247
2013-05-17 05:00:00,193.052
2013-05-17 06:00:00,137.691
2013-05-17 07:00:00,132.013
2013-05-17 08:00:00,208.666
2013-05-17 09:00:00,149.047
2013-05-17 09:59:12,0
2013-05-17 10:00:00,173.179
2013-05-17 10:04:01,246.992
2013-05-17 10:49:42,0
2013-05-17 10:57:35,0
2013-05-17 10:57:35,0
2013-05-17 10:57:35,0
2013-05-17 10:59:50,0
2013-05-17 11:57:35,0
2013-05-17 12:57:35,0
2013-05-17 13:57:35,0
2013-05-17 14:57:35,0
2013-05-17 15:57:35,0
2013-05-17 16:57:35,0
2013-05-17 17:57:35,0
2013-05-17 18:57:35,0
2013-05-17 19:57:35,0
2013-05-17 20:57:35,0
2013-05-17 21:57:35,0
2013-05-17 22:57:35,0
2013-05-17 23:57:35,0
2013-05-18 00:00:00,0
2013-05-18 01:00:00,0
2013-05-18 02:00:00,0
2013-05-18 03:00:00,0
2013-05-18 04:00:00,0
2013-05-18 05:00:00,0
2013-05-18 06:00:00,0
2013-05-18 07:00:00,0
2013-05-18 08:00:00,0
2013-05-18 09:00:00,132.013
2013-05-18 10:00:00,144.789
2013-05-18 11:00:00,205.827
2013-05-18 12:00:00,241.314
2013-05-18 13:00:00,237.056
2013-05-18 14:00:00,217.183
2013-05-18 15:00:00,252.67
2013-05-18 16:00:00,215.764
2013-05-18 17:00:00,191.632
2013-05-18 18:00:00,183.115
2013-05-18 19:00:00,178.857
2013-05-18 20:00:00,177.437
2013-05-18 21:00:00,200.149
2013-05-18 22:00:00,185.954
2013-05-18 23:00:00,177.437
2013-05-19 00:00:00,185.954
2013-05-19 01:00:00,212.925
2013-05-19 02:00:00,215.764
2013-05-19 03:00:00,200.149
2013-05-19 04:00:00,212.925
2013-05-19 05:00:00,204.408
2013-05-19 06:00:00,234.217
2013-05-19 07:00:00,224.281
2013-05-19 08:00:00,235.636
2013-05-19 09:00:00,244.153
2013-05-19 10:00:00,235.636
2013-05-19 11:00:00,221.442
2013-05-19 12:00:00,210.086
2013-05-19 13:00:00,184.535
2013-05-19 14:00:00,187.374
2013-05-19 15:00:00,195.891
2013-05-19 16:00:00,177.437
2013-05-19 17:00:00,191.632
2013-05-19 18:00:00,238.475
2013-05-19 19:00:00,225.7
2013-05-19 20:00:00,220.022
2013-05-19 21:00:00,218.603
2013-05-19 22:00:00,231.378
2013-05-19 23:00:00,218.603
2013-05-20 00:00:00,252.67
2013-05-20 01:00:00,232.798
2013-05-20 02:00:00,237.056
2013-05-20 03:00:00,254.09
2013-05-20 04:00:00,224.281
2013-05-20 05:00:00,211.505
2013-05-20 06:00:00,239.895
2013-05-20 07:00:00,261.187
2013-05-20 08:00:00,184.535
2013-05-20 09:00:00,215.764
2013-05-20 10:00:00,215.764
2013-05-20 11:00:00,190.213
2013-05-20 12:00:00,229.959
2013-05-20 13:00:00,205.827
2013-05-20 14:00:00,246.992
2013-05-20 15:00:00,212.925
2013-05-20 16:00:00,235.636
2013-05-20 17:00:00,239.895
2013-05-20 18:00:00,229.959
2013-05-20 19:00:00,244.153
2013-05-20 20:00:00,269.704
2013-05-20 21:00:00,212.925
2013-05-20 22:00:00,225.7
2013-05-20 23:00:00,228.539
2013-05-21 00:00:00,178.857
2013-05-21 01:00:00,180.276
2013-05-21 02:00:00,174.598
2013-05-21 03:00:00,153.306
2013-05-21 04:00:00,137.691
2013-05-21 05:00:00,153.306
2013-05-21 06:00:00,137.691
2013-05-21 07:00:00,112.14
2013-05-21 08:00:00,178.857
2013-05-21 09:00:00,184.535
2013-05-21 10:00:00,120.657
2013-05-21 11:00:00,154.725
2013-05-21 12:00:00,161.823
2013-05-21 13:00:00,144.789
2013-05-21 14:00:00,187.374
2013-05-21 15:00:00,238.475
2013-05-21 16:00:00,126.335
2013-05-21 17:00:00,129.174
2013-05-21 18:00:00,112.14
2013-05-21 19:00:00,88.009
2013-05-21 20:00:00,141.95
2013-05-21 21:00:00,158.984
2013-05-21 22:00:00,357.713
2013-05-21 23:00:00,736.719
2013-05-22 00:00:00,634.515
2013-05-22 01:00:00,618.901
2013-05-22 02:00:00,198.73
2013-05-22 03:00:00,177.437
2013-05-22 04:00:00,150.467
2013-05-22 05:00:00,139.111
2013-05-22 06:00:00,136.272
2013-05-22 07:00:00,161.823
2013-05-22 08:00:00,82.331
2013-05-22 09:00:00,116.399
2013-05-22 10:00:00,120.657
2013-05-22 11:00:00,177.437
2013-05-22 12:00:00,140.53
2013-05-22 13:00:00,154.725
2013-05-22 14:00:00,625.998
2013-05-22 15:00:00,907.059
2013-05-22 16:00:00,1134.178
2013-05-22 17:00:00,1026.296
2013-05-22 18:00:00,1134.178
2013-05-22 19:00:00,1047.589
2013-05-22 20:00:00,926.932
2013-05-22 21:00:00,942.546
2013-05-22 22:00:00,438.625
2013-05-22 23:00:00,290.997
2013-05-23 00:00:00,821.889
2013-05-23 01:00:00,746.655
2013-05-23 02:00:00,536.57
2013-05-23 03:00:00,437.205
2013-05-23 04:00:00,949.644
2013-05-23 05:00:00,826.147
2013-05-23 06:00:00,878.669
2013-05-23 07:00:00,1057.525
2013-05-23 08:00:00,664.325
2013-05-23 09:00:00,901.381
2013-05-23 10:00:00,583.413
2013-05-23 11:00:00,634.515
2013-05-23 12:00:00,716.846
2013-05-23 13:00:00,151.886
2013-05-23 14:00:00,383.264
2013-05-23 15:00:00,1070.301
2013-05-23 16:00:00,1162.568
2013-05-23 17:00:00,1185.28
2013-05-23 18:00:00,1022.038
2013-05-23 19:00:00,1083.076
2013-05-23 20:00:00,962.419
2013-05-23 21:00:00,1029.135
2013-05-23 22:00:00,212.925
2013-05-23 23:00:00,238.476
2013-05-24 00:00:00,256.929
2013-05-24 01:00:00,147.628
2013-05-24 02:00:00,114.979
2013-05-24 03:00:00,124.916
2013-05-24 04:00:00,459.917
2013-05-24 05:00:00,132.013
2013-05-24 06:00:00,114.979
2013-05-24 07:00:00,161.823
2013-05-24 08:00:00,205.827
2013-05-24 09:00:00,225.7
2013-05-24 10:00:00,185.954
2013-05-24 11:00:00,180.276
2013-05-24 12:00:00,215.764
2013-05-24 13:00:00,170.34
2013-05-24 14:00:00,387.523
2013-05-24 15:00:00,413.074
2013-05-24 16:00:00,547.926
2013-05-24 17:00:00,890.025
2013-05-24 18:00:00,563.54
2013-05-24 19:00:00,684.198
2013-05-24 20:00:00,576.316
2013-05-24 21:00:00,129.174
2013-05-24 22:00:00,164.662
2013-05-24 23:00:00,164.662
2013-05-25 00:00:00,371.908
2013-05-25 01:00:00,185.954
2013-05-25 02:00:00,214.344
2013-05-25 03:00:00,150.467
2013-05-25 04:00:00,129.174
2013-05-25 05:00:00,164.662
2013-05-25 06:00:00,160.403
2013-05-25 07:00:00,205.827
2013-05-25 08:00:00,132.013
2013-05-25 09:00:00,129.174
2013-05-25 10:00:00,171.759
2013-05-25 11:00:00,147.628
2013-05-25 12:00:00,144.789
2013-05-25 13:00:00,174.598
2013-05-25 14:00:00,177.437
2013-05-25 15:00:00,1000.745
2013-05-25 16:00:00,647.291
2013-05-25 17:00:00,505.341
2013-05-25 18:00:00,478.37
2013-05-25 19:00:00,586.252
2013-05-25 20:00:00,220.022
2013-05-25 21:00:00,195.891
2013-05-25 22:00:00,168.92
2013-05-25 23:00:00,122.077
2013-05-26 00:00:00,156.145
2013-05-26 01:00:00,136.272
2013-05-26 02:00:00,187.374
2013-05-26 03:00:00,154.725
2013-05-26 04:00:00,143.369
2013-05-26 05:00:00,201.569
2013-05-26 06:00:00,137.691
2013-05-26 07:00:00,96.526
2013-05-26 08:00:00,158.984
2013-05-26 09:00:00,136.272
2013-05-26 10:00:00,244.153
2013-05-26 11:00:00,476.951
2013-05-26 12:00:00,332.162
2013-05-26 13:00:00,249.831
2013-05-26 14:00:00,278.221
2013-05-26 15:00:00,228.539
2013-05-26 16:00:00,254.09
2013-05-26 17:00:00,976.614
2013-05-26 18:00:00,224.281
2013-05-26 19:00:00,231.378
2013-05-26 20:00:00,262.607
2013-05-26 21:00:00,187.374
2013-05-26 22:00:00,164.662
2013-05-26 23:00:00,132.013
2013-05-27 00:00:00,139.111
2013-05-27 01:00:00,123.496
2013-05-27 02:00:00,107.882
2013-05-27 03:00:00,195.891
2013-05-27 04:00:00,124.916
2013-05-27 05:00:00,183.115
2013-05-27 06:00:00,140.53
2013-05-27 07:00:00,211.505
2013-05-27 08:00:00,442.883
2013-05-27 09:00:00,482.629
2013-05-27 10:00:00,160.403
2013-05-27 11:00:00,136.272
2013-05-27 12:00:00,150.467
2013-05-27 13:00:00,320.806
2013-05-27 14:00:00,256.929
2013-05-27 15:00:00,272.543
2013-05-27 16:00:00,217.183
2013-05-27 17:00:00,244.153
2013-05-27 18:00:00,228.539
2013-05-27 19:00:00,187.374
2013-05-27 20:00:00,151.886
2013-05-27 21:00:00,127.755
2013-05-27 22:00:00,143.369
2013-05-27 23:00:00,143.369
2013-05-28 00:00:00,110.721
2013-05-28 01:00:00,126.335
2013-05-28 02:00:00,119.238
2013-05-28 03:00:00,150.467
2013-05-28 04:00:00,146.208
2013-05-28 05:00:00,147.628
2013-05-28 06:00:00,146.208
2013-05-28 07:00:00,194.471
2013-05-28 08:00:00,164.662
2013-05-28 09:00:00,225.7
2013-05-28 10:00:00,143.369
2013-05-28 11:00:00,485.468
2013-05-28 12:00:00,279.641
2013-05-28 13:00:00,912.737
2013-05-28 14:00:00,174.598
2013-05-28 15:00:00,225.7
2013-05-28 16:00:00,197.31
2013-05-28 17:00:00,1007.843
2013-05-28 18:00:00,200.149
2013-05-28 19:00:00,360.552
2013-05-28 20:00:00,119.238
2013-05-28 21:00:00,97.945
2013-05-28 22:00:00,126.335
2013-05-28 23:00:00,129.174
2013-05-29 00:00:00,119.238
2013-05-29 01:00:00,164.662
2013-05-29 02:00:00,136.272
2013-05-29 03:00:00,137.691
2013-05-29 04:00:00,93.687
2013-05-29 05:00:00,100.784
2013-05-29 06:00:00,150.467
2013-05-29 07:00:00,116.399
2013-05-29 08:00:00,102.204
2013-05-29 09:00:00,143.369
2013-05-29 10:00:00,126.335
2013-05-29 11:00:00,136.272
2013-05-29 12:00:00,190.213
2013-05-29 13:00:00,201.569
2013-05-29 14:00:00,212.925
2013-05-29 15:00:00,211.505
2013-05-29 16:00:00,222.861
2013-05-29 17:00:00,224.281
2013-05-29 18:00:00,211.505
2013-05-29 19:00:00,204.408
2013-05-29 20:00:00,191.632
2013-05-29 21:00:00,156.145
2013-05-29 22:00:00,114.979
2013-05-29 23:00:00,116.399
2013-05-30 00:00:00,151.886
2013-05-30 01:00:00,113.56
2013-05-30 02:00:00,103.623
2013-05-30 03:00:00,102.204
2013-05-30 04:00:00,102.204
2013-05-30 05:00:00,93.687
2013-05-30 06:00:00,103.623
2013-05-30 07:00:00,112.14
2013-05-30 08:00:00,158.984
2013-05-30 09:00:00,210.086
2013-05-30 10:00:00,204.408
2013-05-30 11:00:00,205.827
2013-05-30 12:00:00,255.509
2013-05-30 13:00:00,255.509
2013-05-30 14:00:00,256.929
2013-05-30 15:00:00,222.861
2013-05-30 16:00:00,259.768
2013-05-30 17:00:00,251.251
2013-05-30 18:00:00,251.251
2013-05-30 19:00:00,241.315
2013-05-30 20:00:00,210.086
2013-05-30 21:00:00,211.505
2013-05-30 22:00:00,168.92
2013-05-30 23:00:00,205.827
2013-05-31 00:00:00,180.276
2013-05-31 01:00:00,160.403
2013-05-31 02:00:00,132.013
2013-05-31 03:00:00,178.857
2013-05-31 04:00:00,208.666
2013-05-31 05:00:00,218.603
2013-05-31 06:00:00,258.348
2013-05-31 07:00:00,248.412
2013-05-31 08:00:00,251.251
2013-05-31 09:00:00,248.412
2013-05-31 10:00:00,237.056
2013-05-31 11:00:00,251.251
2013-05-31 12:00:00,229.958
2013-05-31 13:00:00,242.734
2013-05-31 14:00:00,259.768
2013-05-31 15:00:00,244.153
2013-05-31 16:00:00,261.187
2013-05-31 17:00:00,252.67
2013-05-31 18:00:00,255.509
2013-05-31 19:00:00,241.315
2013-05-31 20:00:00,241.315
2013-05-31 21:00:00,231.378
2013-05-31 22:00:00,211.505
2013-05-31 23:00:00,241.315
2013-06-01 00:00:00,242.734
2013-06-01 01:00:00,177.437
2013-06-01 02:00:00,190.213
2013-06-01 03:00:00,221.442
2013-06-01 04:00:00,177.437
2013-06-01 05:00:00,197.31
2013-06-01 06:00:00,133.433
2013-06-01 07:00:00,99.365
2013-06-01 08:00:00,205.827
2013-06-01 09:00:00,119.238
2013-06-01 10:00:00,167.501
2013-06-01 11:00:00,129.174
2013-06-01 12:00:00,146.208
2013-06-01 13:00:00,110.721
2013-06-01 14:00:00,149.047
2013-06-01 15:00:00,176.018
2013-06-01 16:00:00,170.34
2013-06-01 17:00:00,127.755
2013-06-01 18:00:00,146.208
2013-06-01 19:00:00,252.67
2013-06-01 20:00:00,224.281
2013-06-01 21:00:00,150.467
2013-06-01 22:00:00,435.786
2013-06-01 23:00:00,495.404
2013-06-02 00:00:00,522.375
2013-06-02 01:00:00,543.667
2013-06-02 02:00:00,542.248
2013-06-02 03:00:00,413.074
2013-06-02 04:00:00,484.048
2013-06-02 05:00:00,106.462
2013-06-02 06:00:00,127.755
2013-06-02 07:00:00,146.208
2013-06-02 08:00:00,465.595
2013-06-02 09:00:00,272.543
2013-06-02 10:00:00,296.675
2013-06-02 11:00:00,393.201
2013-06-02 12:00:00,430.108
2013-06-02 13:00:00,177.437
2013-06-02 14:00:00,495.404
2013-06-02 15:00:00,549.345
2013-06-02 16:00:00,621.74
2013-06-02 17:00:00,888.605
2013-06-02 18:00:00,898.542
2013-06-02 19:00:00,715.427
2013-06-02 20:00:00,546.506
2013-06-02 21:00:00,418.752
2013-06-02 22:00:00,740.977
2013-06-02 23:00:00,208.666
2013-06-03 00:00:00,200.149
2013-06-03 01:00:00,214.344
2013-06-03 02:00:00,204.408
2013-06-03 03:00:00,235.636
2013-06-03 04:00:00,241.315
2013-06-03 05:00:00,188.793
2013-06-03 06:00:00,97.945
2013-06-03 07:00:00,160.403
2013-06-03 08:00:00,187.374
2013-06-03 09:00:00,139.111
2013-06-03 10:00:00,215.764
2013-06-03 11:00:00,154.725
2013-06-03 12:00:00,158.984
2013-06-03 13:00:00,180.276
2013-06-03 14:00:00,218.603
2013-06-03 15:00:00,167.501
2013-06-03 16:00:00,200.149
2013-06-03 17:00:00,214.344
2013-06-03 18:00:00,211.505
2013-06-03 19:00:00,262.607
2013-06-03 20:00:00,229.959
2013-06-03 21:00:00,227.12
2013-06-03 22:00:00,140.53
2013-06-03 23:00:00,116.399
2013-06-04 00:00:00,122.077
2013-06-04 01:00:00,167.501
2013-06-04 02:00:00,143.369
2013-06-04 03:00:00,112.14
2013-06-04 04:00:00,149.047
2013-06-04 05:00:00,113.56
2013-06-04 06:00:00,156.145
2013-06-04 07:00:00,124.916
2013-06-04 08:00:00,163.242
2013-06-04 09:00:00,119.238
2013-06-04 10:00:00,174.598
2013-06-04 11:00:00,154.725
2013-06-04 12:00:00,200.149
2013-06-04 13:00:00,191.632
2013-06-04 14:00:00,166.081
2013-06-04 15:00:00,194.471
2013-06-04 16:00:00,200.149
2013-06-04 17:00:00,221.442
2013-06-04 18:00:00,221.442
2013-06-04 19:00:00,197.31
2013-06-04 20:00:00,207.247
2013-06-04 21:00:00,195.891
2013-06-04 22:00:00,123.496
2013-06-04 23:00:00,109.301
2013-06-05 00:00:00,124.916
2013-06-05 01:00:00,163.242
2013-06-05 02:00:00,150.467
2013-06-05 03:00:00,153.306
2013-06-05 04:00:00,117.818
2013-06-05 05:00:00,147.628
2013-06-05 06:00:00,147.628
2013-06-05 07:00:00,114.979
2013-06-05 08:00:00,154.725
2013-06-05 09:00:00,147.628
2013-06-05 10:00:00,225.7
2013-06-05 11:00:00,110.721
2013-06-05 12:00:00,163.242
2013-06-05 13:00:00,124.916
2013-06-05 14:00:00,173.179
2013-06-05 15:00:00,122.077
2013-06-05 16:00:00,296.675
2013-06-05 17:00:00,166.081
2013-06-05 18:00:00,136.272
2013-06-05 19:00:00,227.12
2013-06-05 20:00:00,122.077
2013-06-05 21:00:00,137.691
2013-06-05 22:00:00,149.047
2013-06-05 23:00:00,210.086
2013-06-06 00:00:00,188.793
2013-06-06 01:00:00,144.789
2013-06-06 02:00:00,146.208
2013-06-06 03:00:00,164.662
2013-06-06 04:00:00,141.95
2013-06-06 05:00:00,136.272
2013-06-06 06:00:00,149.047
2013-06-06 07:00:00,95.106
2013-06-06 08:00:00,167.501
2013-06-06 09:00:00,188.793
2013-06-06 10:00:00,129.174
2013-06-06 11:00:00,153.306
2013-06-06 12:00:00,231.378
2013-06-06 13:00:00,140.53
2013-06-06 14:00:00,174.598
2013-06-06 15:00:00,178.857
2013-06-06 16:00:00,195.891
2013-06-06 17:00:00,141.95
2013-06-06 18:00:00,147.628
2013-06-06 19:00:00,116.399
2013-06-06 20:00:00,112.14
2013-06-06 21:00:00,130.594
2013-06-06 22:00:00,150.467
2013-06-06 23:00:00,333.582
2013-06-07 00:00:00,122.077
2013-06-07 01:00:00,137.691
2013-06-07 02:00:00,127.755
2013-06-07 03:00:00,157.564
2013-06-07 04:00:00,139.111
2013-06-07 05:00:00,132.013
2013-06-07 06:00:00,140.53
2013-06-07 07:00:00,140.53
2013-06-07 08:00:00,591.93
2013-06-07 09:00:00,672.842
2013-06-07 10:00:00,317.967
2013-06-07 11:00:00,579.155
2013-06-07 12:00:00,545.087
2013-06-07 13:00:00,150.467
2013-06-07 14:00:00,143.369
2013-06-07 15:00:00,124.916
2013-06-07 16:00:00,126.335
2013-06-07 17:00:00,302.353
2013-06-07 18:00:00,359.133
2013-06-07 19:00:00,212.925
2013-06-07 20:00:00,134.852
2013-06-07 21:00:00,129.174
2013-06-07 22:00:00,119.238
2013-06-07 23:00:00,109.301
2013-06-08 00:00:00,140.53
2013-06-08 01:00:00,276.802
2013-06-08 02:00:00,246.992
2013-06-08 03:00:00,130.594
2013-06-08 04:00:00,105.043
2013-06-08 05:00:00,185.954
2013-06-08 06:00:00,193.052
2013-06-08 07:00:00,132.013
2013-06-08 08:00:00,232.798
2013-06-08 09:00:00,251.251
2013-06-08 10:00:00,255.509
2013-06-08 11:00:00,242.734
2013-06-08 12:00:00,207.247
2013-06-08 13:00:00,201.569
2013-06-08 14:00:00,161.823
2013-06-08 15:00:00,180.276
2013-06-08 16:00:00,360.552
2013-06-08 17:00:00,177.437
2013-06-08 18:00:00,143.369
2013-06-08 19:00:00,160.403
2013-06-08 20:00:00,141.95
2013-06-08 21:00:00,139.111
2013-06-08 22:00:00,150.467
2013-06-08 23:00:00,122.077
2013-06-09 00:00:00,153.306
2013-06-09 01:00:00,149.047
2013-06-09 02:00:00,110.721
2013-06-09 03:00:00,120.657
2013-06-09 04:00:00,141.95
2013-06-09 05:00:00,140.53
2013-06-09 06:00:00,140.53
2013-06-09 07:00:00,124.916
2013-06-09 08:00:00,139.111
2013-06-09 09:00:00,116.399
2013-06-09 10:00:00,158.984
2013-06-09 11:00:00,200.149
2013-06-09 12:00:00,339.26
2013-06-09 13:00:00,261.187
2013-06-09 14:00:00,249.831
2013-06-09 15:00:00,174.598
2013-06-09 16:00:00,447.142
2013-06-09 17:00:00,427.269
2013-06-09 18:00:00,484.048
2013-06-09 19:00:00,127.755
2013-06-09 20:00:00,122.077
2013-06-09 21:00:00,116.399
2013-06-09 22:00:00,158.984
2013-06-09 23:00:00,157.564
2013-06-10 00:00:00,141.95
2013-06-10 01:00:00,126.335
2013-06-10 02:00:00,136.272
2013-06-10 03:00:00,129.174
2013-06-10 04:00:00,137.691
2013-06-10 05:00:00,356.294
2013-06-10 06:00:00,153.306
2013-06-10 07:00:00,100.784
2013-06-10 08:00:00,133.433
2013-06-10 09:00:00,126.335
2013-06-10 10:00:00,302.353
2013-06-10 11:00:00,134.852
2013-06-10 12:00:00,133.433
2013-06-10 13:00:00,117.818
2013-06-10 14:00:00,129.174
2013-06-10 15:00:00,113.56
2013-06-10 16:00:00,248.412
2013-06-10 17:00:00,116.399
2013-06-10 18:00:00,119.238
2013-06-10 19:00:00,147.628
2013-06-10 20:00:00,749.494
2013-06-10 21:00:00,451.4
2013-06-10 22:00:00,191.632
2013-06-10 23:00:00,221.442
2013-06-11 00:00:00,161.823
2013-06-11 01:00:00,149.047
2013-06-11 02:00:00,123.496
2013-06-11 03:00:00,147.628
2013-06-11 04:00:00,133.433
2013-06-11 05:00:00,134.852
2013-06-11 06:00:00,146.208
2013-06-11 07:00:00,171.759
2013-06-11 08:00:00,202.988
2013-06-11 09:00:00,246.992
2013-06-11 10:00:00,116.399
2013-06-11 11:00:00,268.285
2013-06-11 12:00:00,374.747
2013-06-11 13:00:00,167.501
2013-06-11 14:00:00,447.142
2013-06-11 14:34:55,0
